,Uganda (national),Uganda (national),Central,Central,Karamoja,Karamoja
,Terra,Aqua,Terra,Aqua,Terra,Aqua
year,,,,,,
2003,0.4282,0.5029,0.8477,0.8587,-0.442,-0.5202
2004,0.2204,0.3669,0.811,0.7264,-0.5561,-0.5583
2005,0.1516,0.1797,0.39,0.4622,-0.2976,-0.3522
2006,0.1571,0.3361,0.4818,0.5826,-0.4007,-0.3732
2007,0.4465,0.3279,0.9374,0.8839,-0.4306,-0.5483
2008,0.3013,0.5136,0.7216,0.7893,-0.1096,-0.0507
2009,0.3924,0.4447,0.4573,0.4798,-0.6523,-0.6145
2010,0.2271,0.3156,0.343,0.5801,-0.2305,-0.2
2011,-0.1207,-0.0601,0.3382,0.4461,0.0257,0.0209
2012,-0.1604,-0.0777,0.0614,0.026,0.4124,0.5181
2013,0.2652,0.1188,0.3174,0.2059,0.7118,0.6871
2014,0.3103,0.3109,0.2291,0.3197,0.4477,0.4095
2015,0.1599,0.106,0.1571,-0.0047,0.1884,0.3038
2016,-0.4412,-0.3008,-0.5617,-0.5211,-0.1483,-0.0137
2017,-0.6577,-0.7313,-0.737,-0.7241,-0.3949,-0.4843
2018,-0.7401,-0.563,-0.7404,-0.6101,-0.0569,0.0882
2019,-0.2539,-0.4093,-0.3919,-0.7137,0.3011,0.1821
2020,-0.3177,-0.3363,-0.3895,-0.4774,0.1662,0.2072
2021,-0.5633,-0.7638,-1.008,-1.0028,0.259,0.201
2022,-0.8463,-0.8004,-1.5899,-1.3436,0.0368,0.0194
2023,0.1204,-0.0377,-0.0888,-0.2418,0.1766,0.1606
2024,0.4879,0.4363,-0.0728,-0.0241,0.386,0.4449
2025,0.4331,0.1209,-0.5131,-0.6975,0.6077,0.4727
