,first_season,second_season
2001,1.0033,0.2595
2002,0.6341,0.7471
2003,1.6036,0.003
2004,-0.1641,-0.4414
2005,0.5753,-2.0372
2006,0.2135,1.0498
2007,1.4255,-0.8792
2008,-0.0344,-1.1624
2009,-1.3379,0.2411
2010,0.5918,-0.6136
2011,0.2546,0.6006
2012,1.355,0.9271
2013,-1.031,0.0786
2014,0.3652,-0.0229
2015,1.097,1.329
2016,-0.7022,-1.9375
2017,-1.1839,-1.2868
2018,0.1372,-0.4802
2019,0.3829,1.6181
2020,-0.2584,0.4113
2021,-1.7576,-1.1715
2022,-2.2356,0.2668
2023,-0.7673,1.3045
2024,-0.4868,0.8068
2025,0.3204,0.3893
