commodity,season,rainfall,controls,coef,se,p,n,years,markets,pct,dry_pct
Maize (white),A,rain_regional,world,-0.0804,0.0283,0.0045,92,15,7,-7.7293,8.3768
Maize (white),A,rain_regional,world + fx,-0.0808,0.0312,0.0095,92,15,7,-7.7646,8.4183
Maize (white),A,rain_national,world,-0.0871,0.0281,0.0019,92,15,7,-8.3409,9.0999
Maize (white),A,rain_national,world + fx,-0.0863,0.0297,0.0037,92,15,7,-8.2695,9.015
Maize (white),B,rain_regional,world,-0.0652,0.0388,0.0932,94,16,7,-6.311,6.7361
Maize (white),B,rain_regional,world + fx,-0.0659,0.0401,0.1002,94,16,7,-6.3738,6.8078
Maize (white),B,rain_national,world,-0.0672,0.0399,0.0918,94,16,7,-6.5029,6.9552
Maize (white),B,rain_national,world + fx,-0.0682,0.0415,0.0999,94,16,7,-6.5953,7.061
Maize flour,A,rain_regional,world,-0.0509,0.0219,0.0201,99,16,7,-4.9654,5.2248
Maize flour,A,rain_regional,world + fx,-0.0491,0.0255,0.0539,99,16,7,-4.7892,5.0301
Maize flour,A,rain_national,world,-0.053,0.0228,0.0199,99,16,7,-5.1667,5.4482
Maize flour,A,rain_national,world + fx,-0.0503,0.0253,0.0471,99,16,7,-4.9017,5.1543
Maize flour,B,rain_regional,world,-0.0451,0.0337,0.1807,106,17,7,-4.4083,4.6115
Maize flour,B,rain_regional,world + fx,-0.0448,0.0337,0.1844,106,17,7,-4.3795,4.5801
Maize flour,B,rain_national,world,-0.04,0.0351,0.2537,106,17,7,-3.924,4.0842
Maize flour,B,rain_national,world + fx,-0.0396,0.0351,0.2601,106,17,7,-3.8794,4.036
Sorghum,A,rain_regional,world,-0.0382,0.0266,0.1505,92,15,7,-3.749,3.895
Sorghum,A,rain_regional,world + fx,-0.0386,0.0289,0.1811,92,15,7,-3.785,3.9338
Sorghum,A,rain_national,world,-0.0453,0.0254,0.0749,92,15,7,-4.4249,4.6297
Sorghum,A,rain_national,world + fx,-0.0447,0.0281,0.112,92,15,7,-4.3734,4.5734
Sorghum,B,rain_regional,world,-0.0882,0.0262,0.0007,94,16,7,-8.4457,9.2247
Sorghum,B,rain_regional,world + fx,-0.0863,0.0268,0.0013,94,16,7,-8.2653,9.01
Sorghum,B,rain_national,world,-0.0798,0.0287,0.0055,94,16,7,-7.6677,8.3045
Sorghum,B,rain_national,world + fx,-0.0774,0.0297,0.0092,94,16,7,-7.4503,8.05
Beans,A,rain_regional,world,-0.0298,0.0245,0.2249,96,18,7,-2.9331,3.0217
Beans,A,rain_regional,world + fx,-0.0313,0.0245,0.2017,96,18,7,-3.0767,3.1744
Beans,A,rain_national,world,-0.0351,0.0199,0.0787,96,18,7,-3.4462,3.5692
Beans,A,rain_national,world + fx,-0.0362,0.0201,0.0711,96,18,7,-3.5574,3.6886
Beans,B,rain_regional,world,0.0283,0.0233,0.2253,101,18,7,2.8697,-2.7897
Beans,B,rain_regional,world + fx,0.0286,0.0231,0.2159,101,18,7,2.9059,-2.8238
Beans,B,rain_national,world,0.0376,0.0223,0.0916,101,18,7,3.8329,-3.6914
Beans,B,rain_national,world + fx,0.038,0.0221,0.0857,101,18,7,3.871,-3.7267
