,,Jan,Feb,Mar,Apr,May,Jun,Jul,Aug,Sep,Oct,Nov,Dec,cheapest,dearest,swing_%
Maize (white),Gulu,-6.87,-4.43,-2.51,7.85,19.19,-25.15,13.13,3.59,-5.25,-5.54,5.35,8.4,Jun,May,44.34
Maize (white),Iganga,-7.11,-12.9,-0.55,7.92,12.68,16.53,2.57,-5.68,-1.45,-2.35,-2.67,-3.2,Feb,Jun,29.43
Maize (white),Jinja,-8.53,-5.27,-4.0,7.61,15.56,19.51,16.55,1.06,-10.93,-11.01,-10.13,-3.59,Oct,Jun,30.53
Maize (white),Kaabong,-9.54,-11.22,0.25,7.86,16.66,25.75,16.77,7.78,-3.5,-13.44,-17.08,-9.96,Nov,Jun,42.83
Maize (white),Kapchorwa,-0.07,-2.47,1.38,1.83,11.53,13.1,18.35,1.61,-4.02,-11.66,-14.21,-9.94,Nov,Jul,32.56
Maize (white),Karita,-10.81,-4.25,-0.37,10.02,8.59,5.33,5.17,22.36,6.9,-15.71,-8.13,-12.32,Oct,Aug,38.07
Maize (white),Kotido,-6.51,-6.48,-0.88,-3.01,0.38,4.77,13.72,0.96,-6.5,-4.49,1.98,8.19,Jan,Jul,20.23
Maize (white),Lira,-11.82,-5.21,-2.18,5.39,16.98,16.54,16.2,3.06,-6.17,-11.25,-9.04,-6.15,Jan,May,28.81
Maize (white),Makaratin,-14.43,-8.04,-9.06,13.33,11.58,17.59,19.06,15.61,-3.33,-12.09,-12.34,-8.36,Jan,Jul,33.48
Maize (white),Mbarara,-11.27,-8.4,-4.18,-6.1,5.29,4.48,10.75,8.95,2.58,-2.58,-1.78,4.94,Jan,Jul,22.02
Maize (white),Namalu,-6.35,2.58,7.65,9.46,13.18,14.37,10.89,2.38,-7.5,-14.77,-14.67,-10.64,Oct,Jun,29.14
Maize (white),Owino,-11.27,-6.18,0.21,7.4,13.07,14.2,1.36,-3.07,-2.25,-6.78,-1.37,-2.11,Jan,Jun,25.47
Sorghum,Gulu,-5.54,0.31,-2.68,-0.32,5.86,3.71,0.64,2.47,0.1,-5.56,0.85,0.8,Oct,May,11.42
Sorghum,Iganga,2.23,3.45,7.07,2.69,-2.38,-4.53,-3.12,0.23,-2.01,-1.12,-1.84,-0.1,Jun,Mar,11.6
Sorghum,Jinja,-8.24,-2.92,-3.72,3.77,10.19,13.61,2.3,1.7,-4.63,-1.54,-3.4,-4.9,Jan,Jun,21.85
Sorghum,Kaabong,-7.95,-20.28,-0.04,-2.34,11.37,13.7,23.84,16.6,1.27,-5.17,-12.12,-9.54,Feb,Jul,44.12
Sorghum,Kapchorwa,3.18,0.2,9.46,6.35,-5.96,-5.62,-4.04,9.48,4.0,-3.87,-6.03,-5.15,Nov,Aug,15.51
Sorghum,Kotido,-4.26,-10.94,-5.21,-2.35,9.03,16.8,18.08,16.53,-12.47,-14.31,-6.12,2.68,Oct,Jul,32.38
Sorghum,Lira,-3.16,-4.07,-1.81,-3.49,0.41,-0.76,6.41,2.0,3.82,-3.99,3.21,2.09,Feb,Jul,10.47
Sorghum,Makaratin,-17.23,-9.14,-13.11,0.77,15.41,21.71,22.33,19.07,8.79,-3.29,-15.21,-16.79,Jan,Jul,39.56
Sorghum,Mbarara,0.91,0.3,-2.71,-0.83,2.32,2.88,4.21,0.6,0.09,-3.54,-3.06,-0.84,Oct,Jul,7.75
Sorghum,Namalu,-0.27,-1.83,2.07,9.6,7.12,13.26,13.01,-1.39,-9.42,-14.54,-9.78,-3.31,Oct,Jun,27.81
Sorghum,Owino,-9.09,-11.14,-0.04,0.17,5.43,11.99,1.88,7.89,6.74,-6.13,-0.91,-4.05,Feb,Jun,23.13
Beans,Gulu,-7.6,-5.72,-5.52,7.66,14.24,14.58,3.26,-2.69,-1.6,-2.72,-7.63,-2.96,Nov,Jun,22.21
Beans,Iganga,1.34,2.4,4.25,8.36,11.2,1.69,-7.16,-3.04,3.95,-4.38,-6.38,-9.94,Dec,May,21.14
Beans,Jinja,-8.5,-4.24,-1.07,7.62,13.06,11.0,1.88,-4.4,3.31,1.22,-7.24,-9.58,Dec,May,22.63
Beans,Kaabong,-10.11,1.4,1.4,7.34,11.95,14.33,4.67,-2.5,0.17,-4.28,-10.81,-9.77,Nov,Jun,25.14
Beans,Kapchorwa,-4.19,-0.01,-3.7,11.56,19.02,4.59,-8.13,0.95,2.14,-2.94,-5.68,-10.0,Dec,May,29.02
Beans,Karita,-5.3,-0.78,-4.74,1.68,7.47,12.38,10.84,1.84,-6.09,-9.72,-4.74,-0.2,Oct,Jun,22.11
Beans,Kotido,-5.39,-5.62,-9.29,9.18,11.31,12.74,-0.25,-1.0,-0.79,-2.84,-4.28,-1.11,Mar,Jun,22.03
Beans,Lira,-5.83,5.47,1.76,12.68,18.49,7.69,-4.43,-3.3,-2.8,-2.54,-10.14,-12.53,Dec,May,31.03
Beans,Makaratin,-9.11,-5.5,-7.57,1.24,8.09,8.4,10.37,7.61,4.05,-4.56,-6.16,-4.06,Jan,Jul,19.48
Beans,Mbarara,-5.54,-6.42,-3.62,6.51,7.79,0.61,0.59,0.28,6.51,1.2,-2.13,-4.5,Feb,May,14.21
Beans,Namalu,2.94,2.47,2.54,20.72,27.45,14.11,-7.93,-17.04,-17.64,-7.28,-6.73,-3.22,Sep,May,45.09
Beans,Owino,-7.86,-2.06,5.15,12.74,22.65,0.4,-5.04,-1.8,2.88,-1.68,-9.35,-11.23,Dec,May,33.88
