item,year,month,value
"Consumer Prices, Food Indices (2015 = 100)",2000,1,29.826557
"Consumer Prices, Food Indices (2015 = 100)",2000,2,29.087128
"Consumer Prices, Food Indices (2015 = 100)",2000,3,29.523682
"Consumer Prices, Food Indices (2015 = 100)",2000,4,29.860242
"Consumer Prices, Food Indices (2015 = 100)",2000,5,29.557309
"Consumer Prices, Food Indices (2015 = 100)",2000,6,29.322058
"Consumer Prices, Food Indices (2015 = 100)",2000,7,29.490061
"Consumer Prices, Food Indices (2015 = 100)",2000,8,30.028765
"Consumer Prices, Food Indices (2015 = 100)",2000,9,30.772171
"Consumer Prices, Food Indices (2015 = 100)",2000,10,31.688719
"Consumer Prices, Food Indices (2015 = 100)",2000,11,32.438891
"Consumer Prices, Food Indices (2015 = 100)",2000,12,32.131642
"Consumer Prices, General Indices (2015 = 100)",2000,1,35.348611
"Consumer Prices, General Indices (2015 = 100)",2000,2,34.619774
"Consumer Prices, General Indices (2015 = 100)",2000,3,35.050451
"Consumer Prices, General Indices (2015 = 100)",2000,4,35.38174
"Consumer Prices, General Indices (2015 = 100)",2000,5,35.08358
"Consumer Prices, General Indices (2015 = 100)",2000,6,34.851677
"Consumer Prices, General Indices (2015 = 100)",2000,7,35.017322
"Consumer Prices, General Indices (2015 = 100)",2000,8,35.547385
"Consumer Prices, General Indices (2015 = 100)",2000,9,36.276222
"Consumer Prices, General Indices (2015 = 100)",2000,10,37.170705
"Consumer Prices, General Indices (2015 = 100)",2000,11,37.899542
"Consumer Prices, General Indices (2015 = 100)",2000,12,37.601381
"Consumer Prices, Food Indices (2015 = 100)",2001,1,31.450657
"Consumer Prices, Food Indices (2015 = 100)",2001,2,31.2808
"Consumer Prices, Food Indices (2015 = 100)",2001,3,31.111099
"Consumer Prices, Food Indices (2015 = 100)",2001,4,31.62067
"Consumer Prices, Food Indices (2015 = 100)",2001,5,31.382695
"Consumer Prices, Food Indices (2015 = 100)",2001,6,31.382695
"Consumer Prices, Food Indices (2015 = 100)",2001,7,31.178961
"Consumer Prices, Food Indices (2015 = 100)",2001,8,30.738313
"Consumer Prices, Food Indices (2015 = 100)",2001,9,30.467677
"Consumer Prices, Food Indices (2015 = 100)",2001,10,30.501484
"Consumer Prices, Food Indices (2015 = 100)",2001,11,30.332512
"Consumer Prices, Food Indices (2015 = 100)",2001,12,30.433876
"Consumer Prices, General Indices (2015 = 100)",2001,1,36.938802
"Consumer Prices, General Indices (2015 = 100)",2001,2,36.773157
"Consumer Prices, General Indices (2015 = 100)",2001,3,36.607512
"Consumer Prices, General Indices (2015 = 100)",2001,4,37.104447
"Consumer Prices, General Indices (2015 = 100)",2001,5,36.872544
"Consumer Prices, General Indices (2015 = 100)",2001,6,36.872544
"Consumer Prices, General Indices (2015 = 100)",2001,7,36.67377
"Consumer Prices, General Indices (2015 = 100)",2001,8,36.243093
"Consumer Prices, General Indices (2015 = 100)",2001,9,35.978062
"Consumer Prices, General Indices (2015 = 100)",2001,10,36.011191
"Consumer Prices, General Indices (2015 = 100)",2001,11,35.845546
"Consumer Prices, General Indices (2015 = 100)",2001,12,35.944933
Food price inflation,2001,1,5.445147
Food price inflation,2001,2,7.541728
Food price inflation,2001,3,5.37676
Food price inflation,2001,4,5.895558
Food price inflation,2001,5,6.175754
Food price inflation,2001,6,7.027602
Food price inflation,2001,7,5.727011
Food price inflation,2001,8,2.362893
Food price inflation,2001,9,-0.989511
Food price inflation,2001,10,-3.746555
Food price inflation,2001,11,-6.493375
Food price inflation,2001,12,-5.283782
"Consumer Prices, Food Indices (2015 = 100)",2002,1,30.163699
"Consumer Prices, Food Indices (2015 = 100)",2002,2,30.197449
"Consumer Prices, Food Indices (2015 = 100)",2002,3,30.231205
"Consumer Prices, Food Indices (2015 = 100)",2002,4,30.467677
"Consumer Prices, Food Indices (2015 = 100)",2002,5,30.467677
"Consumer Prices, Food Indices (2015 = 100)",2002,6,30.433876
"Consumer Prices, Food Indices (2015 = 100)",2002,7,30.231205
"Consumer Prices, Food Indices (2015 = 100)",2002,8,30.535298
"Consumer Prices, Food Indices (2015 = 100)",2002,9,30.975452
"Consumer Prices, Food Indices (2015 = 100)",2002,10,31.961163
"Consumer Prices, Food Indices (2015 = 100)",2002,11,32.404727
"Consumer Prices, Food Indices (2015 = 100)",2002,12,32.541417
"Consumer Prices, General Indices (2015 = 100)",2002,1,35.679901
"Consumer Prices, General Indices (2015 = 100)",2002,2,35.71303
"Consumer Prices, General Indices (2015 = 100)",2002,3,35.746159
"Consumer Prices, General Indices (2015 = 100)",2002,4,35.978062
"Consumer Prices, General Indices (2015 = 100)",2002,5,35.978062
"Consumer Prices, General Indices (2015 = 100)",2002,6,35.944933
"Consumer Prices, General Indices (2015 = 100)",2002,7,35.746159
"Consumer Prices, General Indices (2015 = 100)",2002,8,36.04432
"Consumer Prices, General Indices (2015 = 100)",2002,9,36.474996
"Consumer Prices, General Indices (2015 = 100)",2002,10,37.435736
"Consumer Prices, General Indices (2015 = 100)",2002,11,37.866413
"Consumer Prices, General Indices (2015 = 100)",2002,12,37.998929
Food price inflation,2002,1,-4.091989
Food price inflation,2002,2,-3.463309
Food price inflation,2002,3,-2.828232
Food price inflation,2002,4,-3.646328
Food price inflation,2002,5,-2.915679
Food price inflation,2002,6,-3.023384
Food price inflation,2002,7,-3.039727
Food price inflation,2002,8,-0.660463
Food price inflation,2002,9,1.666603
Food price inflation,2002,10,4.785601
Food price inflation,2002,11,6.831665
Food price inflation,2002,12,6.924985
"Consumer Prices, Food Indices (2015 = 100)",2003,1,32.643999
"Consumer Prices, Food Indices (2015 = 100)",2003,2,32.986333
"Consumer Prices, Food Indices (2015 = 100)",2003,3,33.3636
"Consumer Prices, Food Indices (2015 = 100)",2003,4,34.499739
"Consumer Prices, Food Indices (2015 = 100)",2003,5,34.430699
"Consumer Prices, Food Indices (2015 = 100)",2003,6,34.223719
"Consumer Prices, Food Indices (2015 = 100)",2003,7,34.327182
"Consumer Prices, Food Indices (2015 = 100)",2003,8,34.361682
"Consumer Prices, Food Indices (2015 = 100)",2003,9,34.499739
"Consumer Prices, Food Indices (2015 = 100)",2003,10,34.776136
"Consumer Prices, Food Indices (2015 = 100)",2003,11,34.741566
"Consumer Prices, Food Indices (2015 = 100)",2003,12,34.845294
"Consumer Prices, General Indices (2015 = 100)",2003,1,38.098316
"Consumer Prices, General Indices (2015 = 100)",2003,2,38.429606
"Consumer Prices, General Indices (2015 = 100)",2003,3,38.794024
"Consumer Prices, General Indices (2015 = 100)",2003,4,39.88728
"Consumer Prices, General Indices (2015 = 100)",2003,5,39.821022
"Consumer Prices, General Indices (2015 = 100)",2003,6,39.622248
"Consumer Prices, General Indices (2015 = 100)",2003,7,39.721635
"Consumer Prices, General Indices (2015 = 100)",2003,8,39.754764
"Consumer Prices, General Indices (2015 = 100)",2003,9,39.88728
"Consumer Prices, General Indices (2015 = 100)",2003,10,40.152312
"Consumer Prices, General Indices (2015 = 100)",2003,11,40.119183
"Consumer Prices, General Indices (2015 = 100)",2003,12,40.21857
Food price inflation,2003,1,8.222795
Food price inflation,2003,2,9.235495
Food price inflation,2003,3,10.361461
Food price inflation,2003,4,13.233903
Food price inflation,2003,5,13.0073
Food price inflation,2003,6,12.452711
Food price inflation,2003,7,13.548838
Food price inflation,2003,8,12.53102
Food price inflation,2003,9,11.377679
Food price inflation,2003,10,8.807481
Food price inflation,2003,11,7.211414
Food price inflation,2003,12,7.07983
"Consumer Prices, Food Indices (2015 = 100)",2004,1,34.223719
"Consumer Prices, Food Indices (2015 = 100)",2004,2,34.120308
"Consumer Prices, Food Indices (2015 = 100)",2004,3,34.08585
"Consumer Prices, Food Indices (2015 = 100)",2004,4,34.741566
"Consumer Prices, Food Indices (2015 = 100)",2004,5,35.08753
"Consumer Prices, Food Indices (2015 = 100)",2004,6,34.568803
"Consumer Prices, Food Indices (2015 = 100)",2004,7,35.122158
"Consumer Prices, Food Indices (2015 = 100)",2004,8,36.302955
"Consumer Prices, Food Indices (2015 = 100)",2004,9,36.651505
"Consumer Prices, Food Indices (2015 = 100)",2004,10,37.175387
"Consumer Prices, Food Indices (2015 = 100)",2004,11,37.840776
"Consumer Prices, Food Indices (2015 = 100)",2004,12,38.262052
"Consumer Prices, General Indices (2015 = 100)",2004,1,39.622248
"Consumer Prices, General Indices (2015 = 100)",2004,2,39.522862
"Consumer Prices, General Indices (2015 = 100)",2004,3,39.489733
"Consumer Prices, General Indices (2015 = 100)",2004,4,40.119183
"Consumer Prices, General Indices (2015 = 100)",2004,5,40.450473
"Consumer Prices, General Indices (2015 = 100)",2004,6,39.953538
"Consumer Prices, General Indices (2015 = 100)",2004,7,40.483602
"Consumer Prices, General Indices (2015 = 100)",2004,8,41.609987
"Consumer Prices, General Indices (2015 = 100)",2004,9,41.941276
"Consumer Prices, General Indices (2015 = 100)",2004,10,42.438211
"Consumer Prices, General Indices (2015 = 100)",2004,11,43.067661
"Consumer Prices, General Indices (2015 = 100)",2004,12,43.465209
Food price inflation,2004,1,4.839235
Food price inflation,2004,2,3.437712
Food price inflation,2004,3,2.164785
Food price inflation,2004,4,0.700953
Food price inflation,2004,5,1.90769
Food price inflation,2004,6,1.008321
Food price inflation,2004,7,2.31588
Food price inflation,2004,8,5.649529
Food price inflation,2004,9,6.237048
Food price inflation,2004,10,6.899128
Food price inflation,2004,11,8.920754
Food price inflation,2004,12,9.805506
"Consumer Prices, Food Indices (2015 = 100)",2005,1,37.77064
"Consumer Prices, Food Indices (2015 = 100)",2005,2,37.875852
"Consumer Prices, Food Indices (2015 = 100)",2005,3,38.508161
"Consumer Prices, Food Indices (2015 = 100)",2005,4,40.061222
"Consumer Prices, Food Indices (2015 = 100)",2005,5,40.092338
"Consumer Prices, Food Indices (2015 = 100)",2005,6,39.096173
"Consumer Prices, Food Indices (2015 = 100)",2005,7,39.395423
"Consumer Prices, Food Indices (2015 = 100)",2005,8,39.150618
"Consumer Prices, Food Indices (2015 = 100)",2005,9,40.082253
"Consumer Prices, Food Indices (2015 = 100)",2005,10,40.082253
"Consumer Prices, Food Indices (2015 = 100)",2005,11,40.131389
"Consumer Prices, Food Indices (2015 = 100)",2005,12,39.88581
"Consumer Prices, General Indices (2015 = 100)",2005,1,43.001403
"Consumer Prices, General Indices (2015 = 100)",2005,2,43.10079
"Consumer Prices, General Indices (2015 = 100)",2005,3,43.697112
"Consumer Prices, General Indices (2015 = 100)",2005,4,45.154786
"Consumer Prices, General Indices (2015 = 100)",2005,5,45.183892
"Consumer Prices, General Indices (2015 = 100)",2005,6,44.250164
"Consumer Prices, General Indices (2015 = 100)",2005,7,44.531079
"Consumer Prices, General Indices (2015 = 100)",2005,8,44.3013
"Consumer Prices, General Indices (2015 = 100)",2005,9,45.174459
"Consumer Prices, General Indices (2015 = 100)",2005,10,45.174459
"Consumer Prices, General Indices (2015 = 100)",2005,11,45.220414
"Consumer Prices, General Indices (2015 = 100)",2005,12,44.990636
Food price inflation,2005,1,10.36393
Food price inflation,2005,2,11.00677
Food price inflation,2005,3,12.974038
Food price inflation,2005,4,15.312078
Food price inflation,2005,5,14.26378
Food price inflation,2005,6,13.096691
Food price inflation,2005,7,12.166862
Food price inflation,2005,8,7.844162
Food price inflation,2005,9,9.360456
Food price inflation,2005,10,7.819329
Food price inflation,2005,11,6.053293
Food price inflation,2005,12,4.243783
"Consumer Prices, Food Indices (2015 = 100)",2006,1,40.574075
"Consumer Prices, Food Indices (2015 = 100)",2006,2,40.771089
"Consumer Prices, Food Indices (2015 = 100)",2006,3,41.946153
"Consumer Prices, Food Indices (2015 = 100)",2006,4,42.18832
"Consumer Prices, Food Indices (2015 = 100)",2006,5,43.103601
"Consumer Prices, Food Indices (2015 = 100)",2006,6,42.601896
"Consumer Prices, Food Indices (2015 = 100)",2006,7,42.795251
"Consumer Prices, Food Indices (2015 = 100)",2006,8,43.066243
"Consumer Prices, Food Indices (2015 = 100)",2006,9,43.358794
"Consumer Prices, Food Indices (2015 = 100)",2006,10,43.711921
"Consumer Prices, Food Indices (2015 = 100)",2006,11,44.594601
"Consumer Prices, Food Indices (2015 = 100)",2006,12,45.295964
"Consumer Prices, General Indices (2015 = 100)",2006,1,45.634016
"Consumer Prices, General Indices (2015 = 100)",2006,2,45.817838
"Consumer Prices, General Indices (2015 = 100)",2006,3,46.911117
"Consumer Prices, General Indices (2015 = 100)",2006,4,47.135778
"Consumer Prices, General Indices (2015 = 100)",2006,5,47.982925
"Consumer Prices, General Indices (2015 = 100)",2006,6,47.51895
"Consumer Prices, General Indices (2015 = 100)",2006,7,47.697873
"Consumer Prices, General Indices (2015 = 100)",2006,8,47.948408
"Consumer Prices, General Indices (2015 = 100)",2006,9,48.218573
"Consumer Prices, General Indices (2015 = 100)",2006,10,48.544267
"Consumer Prices, General Indices (2015 = 100)",2006,11,49.356428
"Consumer Prices, General Indices (2015 = 100)",2006,12,49.999808
Food price inflation,2006,1,7.422259
Food price inflation,2006,2,7.64402
Food price inflation,2006,3,8.927957
Food price inflation,2006,4,5.309618
Food price inflation,2006,5,7.510819
Food price inflation,2006,6,8.966922
Food price inflation,2006,7,8.630007
Food price inflation,2006,8,10.001439
Food price inflation,2006,9,8.174543
Food price inflation,2006,10,9.055549
Food price inflation,2006,11,11.1215
Food price inflation,2006,12,13.564107
"Consumer Prices, Food Indices (2015 = 100)",2007,1,45.095385
"Consumer Prices, Food Indices (2015 = 100)",2007,2,44.894957
"Consumer Prices, Food Indices (2015 = 100)",2007,3,44.995152
"Consumer Prices, Food Indices (2015 = 100)",2007,4,45.898606
"Consumer Prices, Food Indices (2015 = 100)",2007,5,46.049478
"Consumer Prices, Food Indices (2015 = 100)",2007,6,45.647341
"Consumer Prices, Food Indices (2015 = 100)",2007,7,45.597116
"Consumer Prices, Food Indices (2015 = 100)",2007,8,45.39631
"Consumer Prices, Food Indices (2015 = 100)",2007,9,46.043184
"Consumer Prices, Food Indices (2015 = 100)",2007,10,46.988124
"Consumer Prices, Food Indices (2015 = 100)",2007,11,47.531845
"Consumer Prices, Food Indices (2015 = 100)",2007,12,48.10023
"Consumer Prices, General Indices (2015 = 100)",2007,1,49.815985
"Consumer Prices, General Indices (2015 = 100)",2007,2,49.632162
"Consumer Prices, General Indices (2015 = 100)",2007,3,49.724073
"Consumer Prices, General Indices (2015 = 100)",2007,4,50.551276
"Consumer Prices, General Indices (2015 = 100)",2007,5,50.689143
"Consumer Prices, General Indices (2015 = 100)",2007,6,50.321498
"Consumer Prices, General Indices (2015 = 100)",2007,7,50.275542
"Consumer Prices, General Indices (2015 = 100)",2007,8,50.091719
"Consumer Prices, General Indices (2015 = 100)",2007,9,50.683393
"Consumer Prices, General Indices (2015 = 100)",2007,10,51.545166
"Consumer Prices, General Indices (2015 = 100)",2007,11,52.039695
"Consumer Prices, General Indices (2015 = 100)",2007,12,52.555629
Food price inflation,2007,1,11.143345
Food price inflation,2007,2,10.114686
Food price inflation,2007,3,7.26884
Food price inflation,2007,4,8.794582
Food price inflation,2007,5,6.83441
Food price inflation,2007,6,7.148613
Food price inflation,2007,7,6.54714
Food price inflation,2007,8,5.410425
Food price inflation,2007,9,6.19111
Food price inflation,2007,10,7.494987
Food price inflation,2007,11,6.586545
Food price inflation,2007,12,6.190985
"Consumer Prices, Food Indices (2015 = 100)",2008,1,48.676444
"Consumer Prices, Food Indices (2015 = 100)",2008,2,49.121943
"Consumer Prices, Food Indices (2015 = 100)",2008,3,49.700319
"Consumer Prices, Food Indices (2015 = 100)",2008,4,51.139721
"Consumer Prices, Food Indices (2015 = 100)",2008,5,52.32704
"Consumer Prices, Food Indices (2015 = 100)",2008,6,52.649964
"Consumer Prices, Food Indices (2015 = 100)",2008,7,53.366995
"Consumer Prices, Food Indices (2015 = 100)",2008,8,54.199778
"Consumer Prices, Food Indices (2015 = 100)",2008,9,54.6228
"Consumer Prices, Food Indices (2015 = 100)",2008,10,55.165531
"Consumer Prices, Food Indices (2015 = 100)",2008,11,56.051196
"Consumer Prices, Food Indices (2015 = 100)",2008,12,56.465647
"Consumer Prices, General Indices (2015 = 100)",2008,1,53.077612
"Consumer Prices, General Indices (2015 = 100)",2008,2,53.480462
"Consumer Prices, General Indices (2015 = 100)",2008,3,54.002543
"Consumer Prices, General Indices (2015 = 100)",2008,4,55.297393
"Consumer Prices, General Indices (2015 = 100)",2008,5,56.360812
"Consumer Prices, General Indices (2015 = 100)",2008,6,56.649324
"Consumer Prices, General Indices (2015 = 100)",2008,7,57.288875
"Consumer Prices, General Indices (2015 = 100)",2008,8,58.029839
"Consumer Prices, General Indices (2015 = 100)",2008,9,58.405478
"Consumer Prices, General Indices (2015 = 100)",2008,10,58.886694
"Consumer Prices, General Indices (2015 = 100)",2008,11,59.670251
"Consumer Prices, General Indices (2015 = 100)",2008,12,60.036195
Food price inflation,2008,1,7.941077
Food price inflation,2008,2,9.415279
Food price inflation,2008,3,10.457053
Food price inflation,2008,4,11.418897
Food price inflation,2008,5,13.632211
Food price inflation,2008,6,15.340703
Food price inflation,2008,7,17.040287
Food price inflation,2008,8,19.392473
Food price inflation,2008,9,18.633844
Food price inflation,2008,10,17.403137
Food price inflation,2008,11,17.92346
Food price inflation,2008,12,17.391638
"Consumer Prices, Food Indices (2015 = 100)",2009,1,57.318092
"Consumer Prices, Food Indices (2015 = 100)",2009,2,58.078017
"Consumer Prices, Food Indices (2015 = 100)",2009,3,58.240574
"Consumer Prices, Food Indices (2015 = 100)",2009,4,59.50221
"Consumer Prices, Food Indices (2015 = 100)",2009,5,60.256382
"Consumer Prices, Food Indices (2015 = 100)",2009,6,60.544278
"Consumer Prices, Food Indices (2015 = 100)",2009,7,60.976691
"Consumer Prices, Food Indices (2015 = 100)",2009,8,62.47808
"Consumer Prices, Food Indices (2015 = 100)",2009,9,64.324629
"Consumer Prices, Food Indices (2015 = 100)",2009,10,64.182746
"Consumer Prices, Food Indices (2015 = 100)",2009,11,64.197606
"Consumer Prices, Food Indices (2015 = 100)",2009,12,63.988336
"Consumer Prices, General Indices (2015 = 100)",2009,1,60.787441
"Consumer Prices, General Indices (2015 = 100)",2009,2,61.455548
"Consumer Prices, General Indices (2015 = 100)",2009,3,61.598271
"Consumer Prices, General Indices (2015 = 100)",2009,4,62.703683
"Consumer Prices, General Indices (2015 = 100)",2009,5,63.362561
"Consumer Prices, General Indices (2015 = 100)",2009,6,63.613709
"Consumer Prices, General Indices (2015 = 100)",2009,7,63.990547
"Consumer Prices, General Indices (2015 = 100)",2009,8,65.29547
"Consumer Prices, General Indices (2015 = 100)",2009,9,66.893102
"Consumer Prices, General Indices (2015 = 100)",2009,10,66.770624
"Consumer Prices, General Indices (2015 = 100)",2009,11,66.783454
"Consumer Prices, General Indices (2015 = 100)",2009,12,66.602729
Food price inflation,2009,1,17.753244
Food price inflation,2009,2,18.23233
Food price inflation,2009,3,17.183502
Food price inflation,2009,4,16.35224
Food price inflation,2009,5,15.153431
Food price inflation,2009,6,14.993958
Food price inflation,2009,7,14.259181
Food price inflation,2009,8,15.273685
Food price inflation,2009,9,17.761501
Food price inflation,2009,10,16.345739
Food price inflation,2009,11,14.533873
Food price inflation,2009,12,13.322593
"Consumer Prices, Food Indices (2015 = 100)",2010,1,63.476804
"Consumer Prices, Food Indices (2015 = 100)",2010,2,63.788242
"Consumer Prices, Food Indices (2015 = 100)",2010,3,63.571207
"Consumer Prices, Food Indices (2015 = 100)",2010,4,63.815069
"Consumer Prices, Food Indices (2015 = 100)",2010,5,63.362119
"Consumer Prices, Food Indices (2015 = 100)",2010,6,63.61254
"Consumer Prices, Food Indices (2015 = 100)",2010,7,61.037055
"Consumer Prices, Food Indices (2015 = 100)",2010,8,61.541442
"Consumer Prices, Food Indices (2015 = 100)",2010,9,62.656075
"Consumer Prices, Food Indices (2015 = 100)",2010,10,62.880247
"Consumer Prices, Food Indices (2015 = 100)",2010,11,63.384634
"Consumer Prices, Food Indices (2015 = 100)",2010,12,64.300003
"Consumer Prices, General Indices (2015 = 100)",2010,1,66.160547
"Consumer Prices, General Indices (2015 = 100)",2010,2,66.429834
"Consumer Prices, General Indices (2015 = 100)",2010,3,66.242197
"Consumer Prices, General Indices (2015 = 100)",2010,4,66.453019
"Consumer Prices, General Indices (2015 = 100)",2010,5,66.061327
"Consumer Prices, General Indices (2015 = 100)",2010,6,66.277939
"Consumer Prices, General Indices (2015 = 100)",2010,7,66.074736
"Consumer Prices, General Indices (2015 = 100)",2010,8,66.410765
"Consumer Prices, General Indices (2015 = 100)",2010,9,67.103602
"Consumer Prices, General Indices (2015 = 100)",2010,10,66.875464
"Consumer Prices, General Indices (2015 = 100)",2010,11,67.723025
"Consumer Prices, General Indices (2015 = 100)",2010,12,68.65846
Food price inflation,2010,1,10.744795
Food price inflation,2010,2,9.83199
Food price inflation,2010,3,9.152782
Food price inflation,2010,4,7.248232
Food price inflation,2010,5,5.154204
Food price inflation,2010,6,5.067798
Food price inflation,2010,7,0.098995
Food price inflation,2010,8,-1.499147
Food price inflation,2010,9,-2.593958
Food price inflation,2010,10,-2.029359
Food price inflation,2010,11,-1.266358
Food price inflation,2010,12,0.48707
"Consumer Prices, Food Indices (2015 = 100)",2011,1,66.124514
"Consumer Prices, Food Indices (2015 = 100)",2011,2,67.930345
"Consumer Prices, Food Indices (2015 = 100)",2011,3,71.766177
"Consumer Prices, Food Indices (2015 = 100)",2011,4,73.578234
"Consumer Prices, Food Indices (2015 = 100)",2011,5,74.057713
"Consumer Prices, Food Indices (2015 = 100)",2011,6,75.415199
"Consumer Prices, Food Indices (2015 = 100)",2011,7,80.91364
"Consumer Prices, Food Indices (2015 = 100)",2011,8,81.442935
"Consumer Prices, Food Indices (2015 = 100)",2011,9,87.165548
"Consumer Prices, Food Indices (2015 = 100)",2011,10,86.966284
"Consumer Prices, Food Indices (2015 = 100)",2011,11,87.097051
"Consumer Prices, Food Indices (2015 = 100)",2011,12,85.098184
"Consumer Prices, General Indices (2015 = 100)",2011,1,69.708261
"Consumer Prices, General Indices (2015 = 100)",2011,2,70.649489
"Consumer Prices, General Indices (2015 = 100)",2011,3,72.450639
"Consumer Prices, General Indices (2015 = 100)",2011,4,74.106453
"Consumer Prices, General Indices (2015 = 100)",2011,5,74.642427
"Consumer Prices, General Indices (2015 = 100)",2011,6,75.852647
"Consumer Prices, General Indices (2015 = 100)",2011,7,78.862768
"Consumer Prices, General Indices (2015 = 100)",2011,8,79.394388
"Consumer Prices, General Indices (2015 = 100)",2011,9,83.501027
"Consumer Prices, General Indices (2015 = 100)",2011,10,84.435032
"Consumer Prices, General Indices (2015 = 100)",2011,11,84.563553
"Consumer Prices, General Indices (2015 = 100)",2011,12,84.897032
Food price inflation,2011,1,4.171146
Food price inflation,2011,2,6.49352
Food price inflation,2011,3,12.891008
Food price inflation,2011,4,15.299153
Food price inflation,2011,5,16.880108
Food price inflation,2011,6,18.553982
Food price inflation,2011,7,32.564781
Food price inflation,2011,8,32.33836
Food price inflation,2011,9,39.11747
Food price inflation,2011,10,38.304615
Food price inflation,2011,11,37.410355
Food price inflation,2011,12,32.345535
"Consumer Prices, Food Indices (2015 = 100)",2012,1,84.693429
"Consumer Prices, Food Indices (2015 = 100)",2012,2,89.662575
"Consumer Prices, Food Indices (2015 = 100)",2012,3,89.44463
"Consumer Prices, Food Indices (2015 = 100)",2012,4,92.190737
"Consumer Prices, Food Indices (2015 = 100)",2012,5,90.951564
"Consumer Prices, Food Indices (2015 = 100)",2012,6,88.018647
"Consumer Prices, Food Indices (2015 = 100)",2012,7,86.611345
"Consumer Prices, Food Indices (2015 = 100)",2012,8,86.922695
"Consumer Prices, Food Indices (2015 = 100)",2012,9,87.82561
"Consumer Prices, Food Indices (2015 = 100)",2012,10,87.483125
"Consumer Prices, Food Indices (2015 = 100)",2012,11,87.128186
"Consumer Prices, Food Indices (2015 = 100)",2012,12,86.119412
"Consumer Prices, General Indices (2015 = 100)",2012,1,85.623162
"Consumer Prices, General Indices (2015 = 100)",2012,2,87.798935
"Consumer Prices, General Indices (2015 = 100)",2012,3,87.693524
"Consumer Prices, General Indices (2015 = 100)",2012,4,88.212509
"Consumer Prices, General Indices (2015 = 100)",2012,5,88.004658
"Consumer Prices, General Indices (2015 = 100)",2012,6,87.103016
"Consumer Prices, General Indices (2015 = 100)",2012,7,86.997465
"Consumer Prices, General Indices (2015 = 100)",2012,8,87.19155
"Consumer Prices, General Indices (2015 = 100)",2012,9,87.589988
"Consumer Prices, General Indices (2015 = 100)",2012,10,88.233493
"Consumer Prices, General Indices (2015 = 100)",2012,11,88.400786
"Consumer Prices, General Indices (2015 = 100)",2012,12,88.518131
Food price inflation,2012,1,28.081739
Food price inflation,2012,2,31.991934
Food price inflation,2012,3,24.633406
Food price inflation,2012,4,25.296209
Food price inflation,2012,5,22.811737
Food price inflation,2012,6,16.71208
Food price inflation,2012,7,7.041711
Food price inflation,2012,8,6.728343
Food price inflation,2012,9,0.757251
Food price inflation,2012,10,0.5943
Food price inflation,2012,11,0.035747
Food price inflation,2012,12,1.200059
"Consumer Prices, Food Indices (2015 = 100)",2013,1,85.060822
"Consumer Prices, Food Indices (2015 = 100)",2013,2,86.436989
"Consumer Prices, Food Indices (2015 = 100)",2013,3,87.439536
"Consumer Prices, Food Indices (2015 = 100)",2013,4,89.058556
"Consumer Prices, Food Indices (2015 = 100)",2013,5,89.737299
"Consumer Prices, Food Indices (2015 = 100)",2013,6,89.706164
"Consumer Prices, Food Indices (2015 = 100)",2013,7,89.868066
"Consumer Prices, Food Indices (2015 = 100)",2013,8,92.894388
"Consumer Prices, Food Indices (2015 = 100)",2013,9,94.494727
"Consumer Prices, Food Indices (2015 = 100)",2013,10,94.033929
"Consumer Prices, Food Indices (2015 = 100)",2013,11,92.097332
"Consumer Prices, Food Indices (2015 = 100)",2013,12,90.889294
"Consumer Prices, General Indices (2015 = 100)",2013,1,88.582193
"Consumer Prices, General Indices (2015 = 100)",2013,2,89.527952
"Consumer Prices, General Indices (2015 = 100)",2013,3,90.224971
"Consumer Prices, General Indices (2015 = 100)",2013,4,90.900136
"Consumer Prices, General Indices (2015 = 100)",2013,5,91.39932
"Consumer Prices, General Indices (2015 = 100)",2013,6,91.726591
"Consumer Prices, General Indices (2015 = 100)",2013,7,92.202083
"Consumer Prices, General Indices (2015 = 100)",2013,8,93.250118
"Consumer Prices, General Indices (2015 = 100)",2013,9,94.108998
"Consumer Prices, General Indices (2015 = 100)",2013,10,94.119527
"Consumer Prices, General Indices (2015 = 100)",2013,11,93.552468
"Consumer Prices, General Indices (2015 = 100)",2013,12,93.344618
Food price inflation,2013,1,0.433792
Food price inflation,2013,2,-3.597472
Food price inflation,2013,3,-2.241715
Food price inflation,2013,4,-3.397501
Food price inflation,2013,5,-1.335068
Food price inflation,2013,6,1.917227
Food price inflation,2013,7,3.760155
Food price inflation,2013,8,6.87012
Food price inflation,2013,9,7.59359
Food price inflation,2013,10,7.488078
Food price inflation,2013,11,5.703259
Food price inflation,2013,12,5.538684
"Consumer Prices, Food Indices (2015 = 100)",2014,1,90.833251
"Consumer Prices, Food Indices (2015 = 100)",2014,2,92.352639
"Consumer Prices, Food Indices (2015 = 100)",2014,3,95.410096
"Consumer Prices, Food Indices (2015 = 100)",2014,4,95.347826
"Consumer Prices, Food Indices (2015 = 100)",2014,5,94.357733
"Consumer Prices, Food Indices (2015 = 100)",2014,6,92.402455
"Consumer Prices, Food Indices (2015 = 100)",2014,7,92.234326
"Consumer Prices, Food Indices (2015 = 100)",2014,8,93.249327
"Consumer Prices, Food Indices (2015 = 100)",2014,9,94.544543
"Consumer Prices, Food Indices (2015 = 100)",2014,10,93.517088
"Consumer Prices, Food Indices (2015 = 100)",2014,11,92.74494
"Consumer Prices, Food Indices (2015 = 100)",2014,12,92.234326
"Consumer Prices, General Indices (2015 = 100)",2014,1,93.268717
"Consumer Prices, General Indices (2015 = 100)",2014,2,93.820338
"Consumer Prices, General Indices (2015 = 100)",2014,3,94.923838
"Consumer Prices, General Indices (2015 = 100)",2014,4,94.805077
"Consumer Prices, General Indices (2015 = 100)",2014,5,94.575277
"Consumer Prices, General Indices (2015 = 100)",2014,6,94.078277
"Consumer Prices, General Indices (2015 = 100)",2014,7,94.470604
"Consumer Prices, General Indices (2015 = 100)",2014,8,95.091322
"Consumer Prices, General Indices (2015 = 100)",2014,9,95.597402
"Consumer Prices, General Indices (2015 = 100)",2014,10,95.55661
"Consumer Prices, General Indices (2015 = 100)",2014,11,95.41064
"Consumer Prices, General Indices (2015 = 100)",2014,12,95.26404
Food price inflation,2014,1,6.786237
Food price inflation,2014,2,6.843887
Food price inflation,2014,3,9.115511
Food price inflation,2014,4,7.061949
Food price inflation,2014,5,5.148845
Food price inflation,2014,6,3.005692
Food price inflation,2014,7,2.633038
Food price inflation,2014,8,0.382089
Food price inflation,2014,9,0.052718
Food price inflation,2014,10,-0.549632
Food price inflation,2014,11,0.703178
Food price inflation,2014,12,1.479857
"Consumer Prices, Food Indices (2015 = 100)",2015,1,92.30905
"Consumer Prices, Food Indices (2015 = 100)",2015,2,93.809757
"Consumer Prices, Food Indices (2015 = 100)",2015,3,97.745221
"Consumer Prices, Food Indices (2015 = 100)",2015,4,101.531237
"Consumer Prices, Food Indices (2015 = 100)",2015,5,101.83636
"Consumer Prices, Food Indices (2015 = 100)",2015,6,98.610774
"Consumer Prices, Food Indices (2015 = 100)",2015,7,99.115161
"Consumer Prices, Food Indices (2015 = 100)",2015,8,99.632002
"Consumer Prices, Food Indices (2015 = 100)",2015,9,102.490195
"Consumer Prices, Food Indices (2015 = 100)",2015,10,104.70078
"Consumer Prices, Food Indices (2015 = 100)",2015,11,104.650964
"Consumer Prices, Food Indices (2015 = 100)",2015,12,104.489062
"Consumer Prices, General Indices (2015 = 100)",2015,1,95.959895
"Consumer Prices, General Indices (2015 = 100)",2015,2,96.357562
"Consumer Prices, General Indices (2015 = 100)",2015,3,97.898737
"Consumer Prices, General Indices (2015 = 100)",2015,4,99.108542
"Consumer Prices, General Indices (2015 = 100)",2015,5,99.131955
"Consumer Prices, General Indices (2015 = 100)",2015,6,98.729151
"Consumer Prices, General Indices (2015 = 100)",2015,7,99.587609
"Consumer Prices, General Indices (2015 = 100)",2015,8,100.482227
"Consumer Prices, General Indices (2015 = 100)",2015,9,102.410605
"Consumer Prices, General Indices (2015 = 100)",2015,10,103.351306
"Consumer Prices, General Indices (2015 = 100)",2015,11,103.583169
"Consumer Prices, General Indices (2015 = 100)",2015,12,103.808408
Food price inflation,2015,1,1.624734
Food price inflation,2015,2,1.577776
Food price inflation,2015,3,2.447461
Food price inflation,2015,4,6.48511
Food price inflation,2015,5,7.925823
Food price inflation,2015,6,6.718781
Food price inflation,2015,7,7.460167
Food price inflation,2015,8,6.844741
Food price inflation,2015,9,8.404137
Food price inflation,2015,10,11.958982
Food price inflation,2015,11,12.837384
Food price inflation,2015,12,13.286525
"Consumer Prices, Food Indices (2015 = 100)",2016,1,102.863815
"Consumer Prices, Food Indices (2015 = 100)",2016,2,102.5836
"Consumer Prices, Food Indices (2015 = 100)",2016,3,103.754276
"Consumer Prices, Food Indices (2015 = 100)",2016,4,104.962314
"Consumer Prices, Food Indices (2015 = 100)",2016,5,103.89127
"Consumer Prices, Food Indices (2015 = 100)",2016,6,102.932312
"Consumer Prices, Food Indices (2015 = 100)",2016,7,103.866362
"Consumer Prices, Food Indices (2015 = 100)",2016,8,104.800412
"Consumer Prices, Food Indices (2015 = 100)",2016,9,107.260077
"Consumer Prices, Food Indices (2015 = 100)",2016,10,108.331121
"Consumer Prices, Food Indices (2015 = 100)",2016,11,109.975049
"Consumer Prices, Food Indices (2015 = 100)",2016,12,111.998825
"Consumer Prices, General Indices (2015 = 100)",2016,1,103.583169
"Consumer Prices, General Indices (2015 = 100)",2016,2,103.682539
"Consumer Prices, General Indices (2015 = 100)",2016,3,104.662989
"Consumer Prices, General Indices (2015 = 100)",2016,4,104.73586
"Consumer Prices, General Indices (2015 = 100)",2016,5,104.881603
"Consumer Prices, General Indices (2015 = 100)",2016,6,105.047219
"Consumer Prices, General Indices (2015 = 100)",2016,7,105.206211
"Consumer Prices, General Indices (2015 = 100)",2016,8,105.782556
"Consumer Prices, General Indices (2015 = 100)",2016,9,106.736507
"Consumer Prices, General Indices (2015 = 100)",2016,10,107.36585
"Consumer Prices, General Indices (2015 = 100)",2016,11,108.074688
"Consumer Prices, General Indices (2015 = 100)",2016,12,109.149823
Food price inflation,2016,1,11.434161
Food price inflation,2016,2,9.352804
Food price inflation,2016,3,6.147672
Food price inflation,2016,4,3.379332
Food price inflation,2016,5,2.017855
Food price inflation,2016,6,4.38242
Food price inflation,2016,7,4.793617
Food price inflation,2016,8,5.1875
Food price inflation,2016,9,4.653989
Food price inflation,2016,10,3.467349
Food price inflation,2016,11,5.087469
Food price inflation,2016,12,7.187128
"Consumer Prices, Food Indices (2015 = 100)",2017,1,111.955236
"Consumer Prices, Food Indices (2015 = 100)",2017,2,113.848244
"Consumer Prices, Food Indices (2015 = 100)",2017,3,115.76616
"Consumer Prices, Food Indices (2015 = 100)",2017,4,118.057696
"Consumer Prices, Food Indices (2015 = 100)",2017,5,119.228372
"Consumer Prices, Food Indices (2015 = 100)",2017,6,116.862112
"Consumer Prices, Food Indices (2015 = 100)",2017,7,115.118552
"Consumer Prices, Food Indices (2015 = 100)",2017,8,115.946743
"Consumer Prices, Food Indices (2015 = 100)",2017,9,117.908248
"Consumer Prices, Food Indices (2015 = 100)",2017,10,118.057696
"Consumer Prices, Food Indices (2015 = 100)",2017,11,117.210824
"Consumer Prices, Food Indices (2015 = 100)",2017,12,115.747479
"Consumer Prices, General Indices (2015 = 100)",2017,1,109.148919
"Consumer Prices, General Indices (2015 = 100)",2017,2,110.088585
"Consumer Prices, General Indices (2015 = 100)",2017,3,110.790799
"Consumer Prices, General Indices (2015 = 100)",2017,4,111.294273
"Consumer Prices, General Indices (2015 = 100)",2017,5,111.923615
"Consumer Prices, General Indices (2015 = 100)",2017,6,111.208152
"Consumer Prices, General Indices (2015 = 100)",2017,7,110.684804
"Consumer Prices, General Indices (2015 = 100)",2017,8,110.857045
"Consumer Prices, General Indices (2015 = 100)",2017,9,111.910366
"Consumer Prices, General Indices (2015 = 100)",2017,10,112.274722
"Consumer Prices, General Indices (2015 = 100)",2017,11,112.102481
"Consumer Prices, General Indices (2015 = 100)",2017,12,112.731824
Food price inflation,2017,1,8.838307
Food price inflation,2017,2,10.98094
Food price inflation,2017,3,11.577242
Food price inflation,2017,4,12.47627
Food price inflation,2017,5,14.762647
Food price inflation,2017,6,13.53297
Food price inflation,2017,7,10.833333
Food price inflation,2017,8,10.63577
Food price inflation,2017,9,9.927431
Food price inflation,2017,10,8.978559
Food price inflation,2017,11,6.579469
Food price inflation,2017,12,3.347048
"Consumer Prices, Food Indices (2015 = 100)",2018,1,114.913061
"Consumer Prices, Food Indices (2015 = 100)",2018,2,115.037601
"Consumer Prices, Food Indices (2015 = 100)",2018,3,115.598031
"Consumer Prices, Food Indices (2015 = 100)",2018,4,116.195823
"Consumer Prices, Food Indices (2015 = 100)",2018,5,117.167235
"Consumer Prices, Food Indices (2015 = 100)",2018,6,114.751159
"Consumer Prices, Food Indices (2015 = 100)",2018,7,112.073549
"Consumer Prices, Food Indices (2015 = 100)",2018,8,114.016373
"Consumer Prices, Food Indices (2015 = 100)",2018,9,116.525854
"Consumer Prices, Food Indices (2015 = 100)",2018,10,115.411221
"Consumer Prices, Food Indices (2015 = 100)",2018,11,114.651527
"Consumer Prices, Food Indices (2015 = 100)",2018,12,112.808335
"Consumer Prices, General Indices (2015 = 100)",2018,1,112.400591
"Consumer Prices, General Indices (2015 = 100)",2018,2,112.407215
"Consumer Prices, General Indices (2015 = 100)",2018,3,112.943813
"Consumer Prices, General Indices (2015 = 100)",2018,4,113.255172
"Consumer Prices, General Indices (2015 = 100)",2018,5,113.791769
"Consumer Prices, General Indices (2015 = 100)",2018,6,113.599654
"Consumer Prices, General Indices (2015 = 100)",2018,7,114.096503
"Consumer Prices, General Indices (2015 = 100)",2018,8,115.083578
"Consumer Prices, General Indices (2015 = 100)",2018,9,116.037529
"Consumer Prices, General Indices (2015 = 100)",2018,10,115.6268
"Consumer Prices, General Indices (2015 = 100)",2018,11,115.454559
"Consumer Prices, General Indices (2015 = 100)",2018,12,115.242569
Food price inflation,2018,1,2.641971
Food price inflation,2018,2,1.044686
Food price inflation,2018,3,-0.145232
Food price inflation,2018,4,-1.577087
Food price inflation,2018,5,-1.72873
Food price inflation,2018,6,-1.806362
Food price inflation,2018,7,-2.645102
Food price inflation,2018,8,-1.664876
Food price inflation,2018,9,-1.172432
Food price inflation,2018,10,-2.241679
Food price inflation,2018,11,-2.183499
Food price inflation,2018,12,-2.539273
"Consumer Prices, Food Indices (2015 = 100)",2019,1,113.194409
"Consumer Prices, Food Indices (2015 = 100)",2019,2,113.406127
"Consumer Prices, Food Indices (2015 = 100)",2019,3,112.266586
"Consumer Prices, Food Indices (2015 = 100)",2019,4,114.881926
"Consumer Prices, Food Indices (2015 = 100)",2019,5,116.880793
"Consumer Prices, Food Indices (2015 = 100)",2019,6,115.373859
"Consumer Prices, Food Indices (2015 = 100)",2019,7,113.624072
"Consumer Prices, Food Indices (2015 = 100)",2019,8,114.134686
"Consumer Prices, Food Indices (2015 = 100)",2019,9,115.523307
"Consumer Prices, Food Indices (2015 = 100)",2019,10,115.809749
"Consumer Prices, Food Indices (2015 = 100)",2019,11,115.685209
"Consumer Prices, Food Indices (2015 = 100)",2019,12,115.585577
"Consumer Prices, General Indices (2015 = 100)",2019,1,115.467808
"Consumer Prices, General Indices (2015 = 100)",2019,2,115.759293
"Consumer Prices, General Indices (2015 = 100)",2019,3,116.282641
"Consumer Prices, General Indices (2015 = 100)",2019,4,117.190219
"Consumer Prices, General Indices (2015 = 100)",2019,5,117.600948
"Consumer Prices, General Indices (2015 = 100)",2019,6,117.481704
"Consumer Prices, General Indices (2015 = 100)",2019,7,117.011353
"Consumer Prices, General Indices (2015 = 100)",2019,8,117.47508
"Consumer Prices, General Indices (2015 = 100)",2019,9,118.263414
"Consumer Prices, General Indices (2015 = 100)",2019,10,118.482028
"Consumer Prices, General Indices (2015 = 100)",2019,11,118.866258
"Consumer Prices, General Indices (2015 = 100)",2019,12,119.343233
Food price inflation,2019,1,-1.495611
Food price inflation,2019,2,-1.418209
Food price inflation,2019,3,-2.881922
Food price inflation,2019,4,-1.130761
Food price inflation,2019,5,-0.244473
Food price inflation,2019,6,0.542652
Food price inflation,2019,7,1.383487
Food price inflation,2019,8,0.103768
Food price inflation,2019,9,-0.860364
Food price inflation,2019,10,0.345311
Food price inflation,2019,11,0.901586
Food price inflation,2019,12,2.461912
"Consumer Prices, Food Indices (2015 = 100)",2020,1,116.706437
"Consumer Prices, Food Indices (2015 = 100)",2020,2,117.378953
"Consumer Prices, Food Indices (2015 = 100)",2020,3,116.787388
"Consumer Prices, Food Indices (2015 = 100)",2020,4,120.423956
"Consumer Prices, Food Indices (2015 = 100)",2020,5,119.882207
"Consumer Prices, Food Indices (2015 = 100)",2020,6,117.522174
"Consumer Prices, Food Indices (2015 = 100)",2020,7,115.467264
"Consumer Prices, Food Indices (2015 = 100)",2020,8,116.07751
"Consumer Prices, Food Indices (2015 = 100)",2020,9,115.722571
"Consumer Prices, Food Indices (2015 = 100)",2020,10,115.647847
"Consumer Prices, Food Indices (2015 = 100)",2020,11,114.57548
"Consumer Prices, Food Indices (2015 = 100)",2020,12,114.406656
"Consumer Prices, General Indices (2015 = 100)",2020,1,119.726288
"Consumer Prices, General Indices (2015 = 100)",2020,2,119.966455
"Consumer Prices, General Indices (2015 = 100)",2020,3,119.821232
"Consumer Prices, General Indices (2015 = 100)",2020,4,120.895795
"Consumer Prices, General Indices (2015 = 100)",2020,5,121.328121
"Consumer Prices, General Indices (2015 = 100)",2020,6,121.729765
"Consumer Prices, General Indices (2015 = 100)",2020,7,121.505864
"Consumer Prices, General Indices (2015 = 100)",2020,8,121.783898
"Consumer Prices, General Indices (2015 = 100)",2020,9,122.156123
"Consumer Prices, General Indices (2015 = 100)",2020,10,122.679718
"Consumer Prices, General Indices (2015 = 100)",2020,11,122.049596
"Consumer Prices, General Indices (2015 = 100)",2020,12,122.273265
Food price inflation,2020,1,3.102652
Food price inflation,2020,2,3.503185
Food price inflation,2020,3,4.026845
Food price inflation,2020,4,4.82411
Food price inflation,2020,5,2.567928
Food price inflation,2020,6,1.862047
Food price inflation,2020,7,1.622185
Food price inflation,2020,8,1.702221
Food price inflation,2020,9,0.172488
Food price inflation,2020,10,-0.1398
Food price inflation,2020,11,-0.959266
Food price inflation,2020,12,-1.019955
"Consumer Prices, Food Indices (2015 = 100)",2021,1,115.34253
"Consumer Prices, Food Indices (2015 = 100)",2021,2,116.344971
"Consumer Prices, Food Indices (2015 = 100)",2021,3,118.019073
"Consumer Prices, Food Indices (2015 = 100)",2021,4,118.80413
"Consumer Prices, Food Indices (2015 = 100)",2021,5,118.253601
"Consumer Prices, Food Indices (2015 = 100)",2021,6,117.372755
"Consumer Prices, Food Indices (2015 = 100)",2021,7,117.152543
"Consumer Prices, Food Indices (2015 = 100)",2021,8,118.473813
"Consumer Prices, Food Indices (2015 = 100)",2021,9,119.795082
"Consumer Prices, Food Indices (2015 = 100)",2021,10,120.235505
"Consumer Prices, Food Indices (2015 = 100)",2021,11,120.015293
"Consumer Prices, Food Indices (2015 = 100)",2021,12,120.345611
"Consumer Prices, General Indices (2015 = 100)",2021,1,122.127402
"Consumer Prices, General Indices (2015 = 100)",2021,2,122.715561
"Consumer Prices, General Indices (2015 = 100)",2021,3,123.073133
"Consumer Prices, General Indices (2015 = 100)",2021,4,123.427254
"Consumer Prices, General Indices (2015 = 100)",2021,5,123.617615
"Consumer Prices, General Indices (2015 = 100)",2021,6,124.139149
"Consumer Prices, General Indices (2015 = 100)",2021,7,124.050356
"Consumer Prices, General Indices (2015 = 100)",2021,8,124.05215
"Consumer Prices, General Indices (2015 = 100)",2021,9,124.788815
"Consumer Prices, General Indices (2015 = 100)",2021,10,125.000547
"Consumer Prices, General Indices (2015 = 100)",2021,11,125.226068
"Consumer Prices, General Indices (2015 = 100)",2021,12,125.79479
Food price inflation,2021,1,-1.168665
Food price inflation,2021,2,-0.880892
Food price inflation,2021,3,1.054639
Food price inflation,2021,4,-1.345103
Food price inflation,2021,5,-1.358505
Food price inflation,2021,6,-0.127141
Food price inflation,2021,7,1.45953
Food price inflation,2021,8,2.064399
Food price inflation,2021,9,3.519202
Food price inflation,2021,10,3.966921
Food price inflation,2021,11,4.747799
Food price inflation,2021,12,5.191092
"Consumer Prices, Food Indices (2015 = 100)",2022,1,120.89614
"Consumer Prices, Food Indices (2015 = 100)",2022,2,121.446669
"Consumer Prices, Food Indices (2015 = 100)",2022,3,123.098255
"Consumer Prices, Food Indices (2015 = 100)",2022,4,126.951957
"Consumer Prices, Food Indices (2015 = 100)",2022,5,131.356188
"Consumer Prices, Food Indices (2015 = 100)",2022,6,132.677457
"Consumer Prices, Food Indices (2015 = 100)",2022,7,134.659361
"Consumer Prices, Food Indices (2015 = 100)",2022,8,137.081688
"Consumer Prices, Food Indices (2015 = 100)",2022,9,141.926342
"Consumer Prices, Food Indices (2015 = 100)",2022,10,146.991208
"Consumer Prices, Food Indices (2015 = 100)",2022,11,147.21142
"Consumer Prices, Food Indices (2015 = 100)",2022,12,148.092266
"Consumer Prices, General Indices (2015 = 100)",2022,1,125.407089
"Consumer Prices, General Indices (2015 = 100)",2022,2,126.635788
"Consumer Prices, General Indices (2015 = 100)",2022,3,127.687012
"Consumer Prices, General Indices (2015 = 100)",2022,4,129.443393
"Consumer Prices, General Indices (2015 = 100)",2022,5,131.369695
"Consumer Prices, General Indices (2015 = 100)",2022,6,132.630741
"Consumer Prices, General Indices (2015 = 100)",2022,7,133.896567
"Consumer Prices, General Indices (2015 = 100)",2022,8,135.221137
"Consumer Prices, General Indices (2015 = 100)",2022,9,137.260175
"Consumer Prices, General Indices (2015 = 100)",2022,10,138.38896
"Consumer Prices, General Indices (2015 = 100)",2022,11,138.479831
"Consumer Prices, General Indices (2015 = 100)",2022,12,138.666716
Food price inflation,2022,1,4.814885
Food price inflation,2022,2,4.384974
Food price inflation,2022,3,4.303696
Food price inflation,2022,4,6.858202
Food price inflation,2022,5,11.080074
Food price inflation,2022,6,13.0394
Food price inflation,2022,7,14.943609
Food price inflation,2022,8,15.70632
Food price inflation,2022,9,18.474264
Food price inflation,2022,10,22.252747
Food price inflation,2022,11,22.660551
Food price inflation,2022,12,23.055809
"Consumer Prices, Food Indices (2015 = 100)",2023,1,148.642795
"Consumer Prices, Food Indices (2015 = 100)",2023,2,146.770997
"Consumer Prices, Food Indices (2015 = 100)",2023,3,148.863006
"Consumer Prices, Food Indices (2015 = 100)",2023,4,150.294381
"Consumer Prices, Food Indices (2015 = 100)",2023,5,149.083218
"Consumer Prices, Food Indices (2015 = 100)",2023,6,147.21142
"Consumer Prices, Food Indices (2015 = 100)",2023,7,145.449727
"Consumer Prices, Food Indices (2015 = 100)",2023,8,147.541737
"Consumer Prices, Food Indices (2015 = 100)",2023,9,149.083218
"Consumer Prices, Food Indices (2015 = 100)",2023,10,150.84491
"Consumer Prices, Food Indices (2015 = 100)",2023,11,150.294381
"Consumer Prices, Food Indices (2015 = 100)",2023,12,148.312477
"Consumer Prices, General Indices (2015 = 100)",2023,1,138.45564
"Consumer Prices, General Indices (2015 = 100)",2023,2,138.292693
"Consumer Prices, General Indices (2015 = 100)",2023,3,139.191492
"Consumer Prices, General Indices (2015 = 100)",2023,4,139.859696
"Consumer Prices, General Indices (2015 = 100)",2023,5,139.483541
"Consumer Prices, General Indices (2015 = 100)",2023,6,139.116863
"Consumer Prices, General Indices (2015 = 100)",2023,7,139.075245
"Consumer Prices, General Indices (2015 = 100)",2023,8,139.904313
"Consumer Prices, General Indices (2015 = 100)",2023,9,140.93982
"Consumer Prices, General Indices (2015 = 100)",2023,10,141.758386
"Consumer Prices, General Indices (2015 = 100)",2023,11,142.088036
"Consumer Prices, General Indices (2015 = 100)",2023,12,142.273662
Food price inflation,2023,1,22.950819
Food price inflation,2023,2,20.852221
Food price inflation,2023,3,20.930233
Food price inflation,2023,4,18.386818
Food price inflation,2023,5,13.49539
Food price inflation,2023,6,10.954357
Food price inflation,2023,7,8.013083
Food price inflation,2023,8,7.630522
Food price inflation,2023,9,5.042669
Food price inflation,2023,10,2.621723
Food price inflation,2023,11,2.094241
Food price inflation,2023,12,0.148699
"Consumer Prices, Food Indices (2015 = 100)",2024,1,148.642795
"Consumer Prices, Food Indices (2015 = 100)",2024,2,147.541737
"Consumer Prices, Food Indices (2015 = 100)",2024,3,148.202372
"Consumer Prices, Food Indices (2015 = 100)",2024,4,149.083218
"Consumer Prices, Food Indices (2015 = 100)",2024,5,147.761948
"Consumer Prices, Food Indices (2015 = 100)",2024,6,146.660891
"Consumer Prices, Food Indices (2015 = 100)",2024,7,145.669939
"Consumer Prices, Food Indices (2015 = 100)",2024,8,146.770997
"Consumer Prices, Food Indices (2015 = 100)",2024,9,146.881102
"Consumer Prices, Food Indices (2015 = 100)",2024,10,147.651843
"Consumer Prices, Food Indices (2015 = 100)",2024,11,148.642795
"Consumer Prices, Food Indices (2015 = 100)",2024,12,148.642795
"Consumer Prices, General Indices (2015 = 100)",2024,1,142.313084
"Consumer Prices, General Indices (2015 = 100)",2024,2,143.036828
"Consumer Prices, General Indices (2015 = 100)",2024,3,143.768002
"Consumer Prices, General Indices (2015 = 100)",2024,4,144.312461
"Consumer Prices, General Indices (2015 = 100)",2024,5,144.528933
"Consumer Prices, General Indices (2015 = 100)",2024,6,144.577264
"Consumer Prices, General Indices (2015 = 100)",2024,7,144.582291
"Consumer Prices, General Indices (2015 = 100)",2024,8,144.84517
"Consumer Prices, General Indices (2015 = 100)",2024,9,145.201284
"Consumer Prices, General Indices (2015 = 100)",2024,10,145.931937
"Consumer Prices, General Indices (2015 = 100)",2024,11,146.26401
"Consumer Prices, General Indices (2015 = 100)",2024,12,146.925517
Food price inflation,2024,1,0.0
Food price inflation,2024,2,0.525131
Food price inflation,2024,3,-0.443787
Food price inflation,2024,4,-0.805861
Food price inflation,2024,5,-0.886263
Food price inflation,2024,6,-0.373972
Food price inflation,2024,7,0.1514
Food price inflation,2024,8,-0.522388
Food price inflation,2024,9,-1.477105
Food price inflation,2024,10,-2.116788
Food price inflation,2024,11,-1.098901
Food price inflation,2024,12,0.222717
"Consumer Prices, Food Indices (2015 = 100)",2025,1,150.048889
"Consumer Prices, Food Indices (2015 = 100)",2025,2,151.281847
"Consumer Prices, Food Indices (2015 = 100)",2025,3,151.842776
"Consumer Prices, Food Indices (2015 = 100)",2025,4,153.276791
"Consumer Prices, Food Indices (2015 = 100)",2025,5,154.084137
"Consumer Prices, Food Indices (2015 = 100)",2025,6,153.493592
"Consumer Prices, Food Indices (2015 = 100)",2025,7,152.734173
"Consumer Prices, Food Indices (2015 = 100)",2025,8,153.328332
"Consumer Prices, Food Indices (2015 = 100)",2025,9,154.502349
"Consumer Prices, Food Indices (2015 = 100)",2025,10,154.455195
"Consumer Prices, Food Indices (2015 = 100)",2025,11,154.042702
"Consumer Prices, Food Indices (2015 = 100)",2025,12,154.419195
"Consumer Prices, General Indices (2015 = 100)",2025,1,147.38008
"Consumer Prices, General Indices (2015 = 100)",2025,2,148.32314
"Consumer Prices, General Indices (2015 = 100)",2025,3,148.591937
"Consumer Prices, General Indices (2015 = 100)",2025,4,149.31758
"Consumer Prices, General Indices (2015 = 100)",2025,5,150.057027
"Consumer Prices, General Indices (2015 = 100)",2025,6,150.203704
"Consumer Prices, General Indices (2015 = 100)",2025,7,150.011744
"Consumer Prices, General Indices (2015 = 100)",2025,8,150.281985
"Consumer Prices, General Indices (2015 = 100)",2025,9,150.983167
"Consumer Prices, General Indices (2015 = 100)",2025,10,150.955833
"Consumer Prices, General Indices (2015 = 100)",2025,11,150.823555
"Consumer Prices, General Indices (2015 = 100)",2025,12,151.530544
Food price inflation,2025,1,0.945955
Food price inflation,2025,2,2.534951
Food price inflation,2025,3,2.456374
Food price inflation,2025,4,2.812908
Food price inflation,2025,5,4.278631
Food price inflation,2025,6,4.658844
Food price inflation,2025,7,4.84948
Food price inflation,2025,8,4.467733
Food price inflation,2025,9,5.188719
Food price inflation,2025,10,4.607699
Food price inflation,2025,11,3.632808
Food price inflation,2025,12,3.886095
"Consumer Prices, Food Indices (2015 = 100)",2026,1,154.992932
"Consumer Prices, Food Indices (2015 = 100)",2026,2,155.703879
"Consumer Prices, Food Indices (2015 = 100)",2026,3,156.164544
"Consumer Prices, General Indices (2015 = 100)",2026,1,152.043403
"Consumer Prices, General Indices (2015 = 100)",2026,2,152.574109
"Consumer Prices, General Indices (2015 = 100)",2026,3,152.763705
Food price inflation,2026,1,3.294955
Food price inflation,2026,2,2.923042
Food price inflation,2026,3,2.846212
